IP Address,Timestamp,HTTP Method,HTTP Path,HTTP Version,HTTP Status Code,HTTP Response Size,HTTP Referrer,User Agent
162.55.33.98,26/Apr/2021:21:20:17,GET,/api/annotations?from=1619471716848&to=1619472016848&dashboardId=25,HTTP/2.0,200,2,https://grafana.itoutposts.com/d/xtkCtBkiz/blackbox-exporter-overview?orgId=1&refresh=5s,"Mozilla/5.0 (Macintosh; Intel Mac OS X 10_15_7) AppleWebKit/537.36 (KHTML, like Gecko) Chrome/90.0.4430.85 Safari/537.36"" 69 0.003 [monitoring-monitoring-prometheus-grafana-80] [] 192.168.226.102:3000 2 0.004 200 f9f97c8e584ae95d1ba146c23986fc"
162.55.33.98,26/Apr/2021:21:20:17,GET,/api/datasources/proxy/1/api/v1/query_range?query=probe_http_status_code%7Btarget%3D~%22()%22%7D&start=1619471700&end=1619472000&step=30,HTTP/2.0,200,210,https://grafana.itoutposts.com/d/xtkCtBkiz/blackbox-exporter-overview?orgId=1&refresh=5s,"Mozilla/5.0 (Macintosh; Intel Mac OS X 10_15_7) AppleWebKit/537.36 (KHTML, like Gecko) Chrome/90.0.4430.85 Safari/537.36"" 122 0.005 [monitoring-monitoring-prometheus-grafana-80] [] 192.168.226.102:3000 210 0.004 200 44c9187cea7c494023149a233d12c5"
162.55.33.98,26/Apr/2021:21:20:17,GET,/api/datasources/proxy/1/api/v1/query_range?query=probe_ssl_earliest_cert_expiry%7Btarget%3D~%22()%22%7D-time()&start=1619471700&end=1619472000&step=30,HTTP/2.0,200,212,https://grafana.itoutposts.com/d/xtkCtBkiz/blackbox-exporter-overview?orgId=1&refresh=5s,"Mozilla/5.0 (Macintosh; Intel Mac OS X 10_15_7) AppleWebKit/537.36 (KHTML, like Gecko) Chrome/90.0.4430.85 Safari/537.36"" 134 0.007 [monitoring-monitoring-prometheus-grafana-80] [] 192.168.226.102:3000 212 0.004 200 6742af5538ad6e0afd63939efe6cb1"
162.55.33.98,26/Apr/2021:21:20:17,GET,/api/datasources/proxy/1/api/v1/query_range?query=probe_http_ssl%7Btarget%3D~%22()%22%7D&start=1619471700&end=1619472000&step=30,HTTP/2.0,200,204,https://grafana.itoutposts.com/d/xtkCtBkiz/blackbox-exporter-overview?orgId=1&refresh=5s,"Mozilla/5.0 (Macintosh; Intel Mac OS X 10_15_7) AppleWebKit/537.36 (KHTML, like Gecko) Chrome/90.0.4430.85 Safari/537.36"" 117 0.008 [monitoring-monitoring-prometheus-grafana-80] [] 192.168.226.102:3000 204 0.008 200 614fe71437aa6936fb2d1490f7d15a"
162.55.33.98,26/Apr/2021:21:20:17,GET,/api/datasources/proxy/1/api/v1/query_range?query=probe_success%7Btarget%3D~%22()%22%7D&start=1619471700&end=1619472000&step=30,HTTP/2.0,200,201,https://grafana.itoutposts.com/d/xtkCtBkiz/blackbox-exporter-overview?orgId=1&refresh=5s,"Mozilla/5.0 (Macintosh; Intel Mac OS X 10_15_7) AppleWebKit/537.36 (KHTML, like Gecko) Chrome/90.0.4430.85 Safari/537.36"" 116 0.008 [monitoring-monitoring-prometheus-grafana-80] [] 192.168.226.102:3000 201 0.012 200 4503c9cfe2fac12a09cb27d871d26d"
162.55.33.98,26/Apr/2021:21:20:17,GET,/api/datasources/proxy/1/api/v1/query_range?query=avg(probe_duration_seconds%7Btarget%3D~%22()%22%7D)&start=1619471700&end=1619472000&step=30,HTTP/2.0,200,225,https://grafana.itoutposts.com/d/xtkCtBkiz/blackbox-exporter-overview?orgId=1&refresh=5s,"Mozilla/5.0 (Macintosh; Intel Mac OS X 10_15_7) AppleWebKit/537.36 (KHTML, like Gecko) Chrome/90.0.4430.85 Safari/537.36"" 127 0.004 [monitoring-monitoring-prometheus-grafana-80] [] 192.168.226.102:3000 225 0.004 200 99e582f5cb5d03d7a9154211b92852"
162.55.33.98,26/Apr/2021:21:20:17,GET,/api/datasources/proxy/1/api/v1/query_range?query=avg(probe_dns_lookup_time_seconds%7Btarget%3D~%22()%22%7D)&start=1619471700&end=1619472000&step=30,HTTP/2.0,200,209,https://grafana.itoutposts.com/d/xtkCtBkiz/blackbox-exporter-overview?orgId=1&refresh=5s,"Mozilla/5.0 (Macintosh; Intel Mac OS X 10_15_7) AppleWebKit/537.36 (KHTML, like Gecko) Chrome/90.0.4430.85 Safari/537.36"" 132 0.006 [monitoring-monitoring-prometheus-grafana-80] [] 192.168.226.102:3000 209 0.008 200 9c4d3fa45151960abe70ee269b9e4f"
162.55.33.98,26/Apr/2021:21:20:17,GET,/api/datasources/proxy/1/api/v1/query_range?query=probe_duration_seconds%20and%20probe_success%20%3D%3D%201&start=1619471700&end=1619472000&step=30,HTTP/2.0,200,288,https://grafana.itoutposts.com/d/xtkCtBkiz/blackbox-exporter-overview?orgId=1&refresh=5s,"Mozilla/5.0 (Macintosh; Intel Mac OS X 10_15_7) AppleWebKit/537.36 (KHTML, like Gecko) Chrome/90.0.4430.85 Safari/537.36"" 128 0.004 [monitoring-monitoring-prometheus-grafana-80] [] 192.168.226.102:3000 288 0.004 200 48d1481a7ca3ff1c934f31e25535be"
162.55.33.98,26/Apr/2021:21:20:17,GET,/api/datasources/proxy/1/api/v1/query_range?query=sum_over_time(probe_success%5B5s%5D)&start=1619471700&end=1619472000&step=30,HTTP/2.0,200,87,https://grafana.itoutposts.com/d/xtkCtBkiz/blackbox-exporter-overview?orgId=1&refresh=5s,"Mozilla/5.0 (Macintosh; Intel Mac OS X 10_15_7) AppleWebKit/537.36 (KHTML, like Gecko) Chrome/90.0.4430.85 Safari/537.36"" 115 0.003 [monitoring-monitoring-prometheus-grafana-80] [] 192.168.226.102:3000 87 0.004 200 a23af5d7ef9420ef62c459e138c94f"
162.55.33.98,26/Apr/2021:21:20:17,GET,/api/datasources/proxy/1/api/v1/query_range?query=sum_over_time(probe_success%7Btarget%3D~%22()%22%7D%5B5s%5D)&start=1619471700&end=1619472000&step=30,HTTP/2.0,200,87,https://grafana.itoutposts.com/d/xtkCtBkiz/blackbox-exporter-overview?orgId=1&refresh=5s,"Mozilla/5.0 (Macintosh; Intel Mac OS X 10_15_7) AppleWebKit/537.36 (KHTML, like Gecko) Chrome/90.0.4430.85 Safari/537.36"" 134 0.003 [monitoring-monitoring-prometheus-grafana-80] [] 192.168.226.102:3000 87 0.004 200 9450cf0e585bd9961f2a979e57fb1d"
162.55.33.98,26/Apr/2021:21:20:17,GET,/api/datasources/proxy/1/api/v1/query_range?query=probe_duration_seconds%7Btarget%3D~%22()%22%7D%20and%20probe_success%7Btarget%3D~%22()%22%7D%20%3D%3D%201&start=1619471700&end=1619472000&step=30,HTTP/2.0,200,288,https://grafana.itoutposts.com/d/xtkCtBkiz/blackbox-exporter-overview?orgId=1&refresh=5s,"Mozilla/5.0 (Macintosh; Intel Mac OS X 10_15_7) AppleWebKit/537.36 (KHTML, like Gecko) Chrome/90.0.4430.85 Safari/537.36"" 167 0.003 [monitoring-monitoring-prometheus-grafana-80] [] 192.168.226.102:3000 288 0.004 200 7d32f11471a45fc22c58af5cc98bbf"
162.55.33.98,26/Apr/2021:21:20:22,GET,/api/annotations?from=1619471721853&to=1619472021853&dashboardId=25,HTTP/2.0,200,2,https://grafana.itoutposts.com/d/xtkCtBkiz/blackbox-exporter-overview?orgId=1&refresh=5s,"Mozilla/5.0 (Macintosh; Intel Mac OS X 10_15_7) AppleWebKit/537.36 (KHTML, like Gecko) Chrome/90.0.4430.85 Safari/537.36"" 69 0.002 [monitoring-monitoring-prometheus-grafana-80] [] 192.168.226.102:3000 2 0.004 200 b7570f6d932ea5d4604ca3a3cf046d"
162.55.33.98,26/Apr/2021:21:20:22,GET,/api/datasources/proxy/1/api/v1/query_range?query=probe_http_ssl%7Btarget%3D~%22()%22%7D&start=1619471700&end=1619472000&step=30,HTTP/2.0,200,204,https://grafana.itoutposts.com/d/xtkCtBkiz/blackbox-exporter-overview?orgId=1&refresh=5s,"Mozilla/5.0 (Macintosh; Intel Mac OS X 10_15_7) AppleWebKit/537.36 (KHTML, like Gecko) Chrome/90.0.4430.85 Safari/537.36"" 117 0.003 [monitoring-monitoring-prometheus-grafana-80] [] 192.168.226.102:3000 204 0.000 200 95203ed7d197bca112d1e3c48c1bce"
162.55.33.98,26/Apr/2021:21:20:22,GET,/api/datasources/proxy/1/api/v1/query_range?query=probe_success%7Btarget%3D~%22()%22%7D&start=1619471700&end=1619472000&step=30,HTTP/2.0,200,201,https://grafana.itoutposts.com/d/xtkCtBkiz/blackbox-exporter-overview?orgId=1&refresh=5s,"Mozilla/5.0 (Macintosh; Intel Mac OS X 10_15_7) AppleWebKit/537.36 (KHTML, like Gecko) Chrome/90.0.4430.85 Safari/537.36"" 116 0.003 [monitoring-monitoring-prometheus-grafana-80] [] 192.168.226.102:3000 201 0.000 200 7d9e3634f367cc96d6b5d1eb41975c"
162.55.33.98,26/Apr/2021:21:20:22,GET,/api/datasources/proxy/1/api/v1/query_range?query=probe_http_status_code%7Btarget%3D~%22()%22%7D&start=1619471700&end=1619472000&step=30,HTTP/2.0,200,210,https://grafana.itoutposts.com/d/xtkCtBkiz/blackbox-exporter-overview?orgId=1&refresh=5s,"Mozilla/5.0 (Macintosh; Intel Mac OS X 10_15_7) AppleWebKit/537.36 (KHTML, like Gecko) Chrome/90.0.4430.85 Safari/537.36"" 122 0.003 [monitoring-monitoring-prometheus-grafana-80] [] 192.168.226.102:3000 210 0.004 200 ce5f7e2e44d9bd8b732778d0a4b9c8"
162.55.33.98,26/Apr/2021:21:20:22,GET,/api/datasources/proxy/1/api/v1/query_range?query=probe_ssl_earliest_cert_expiry%7Btarget%3D~%22()%22%7D-time()&start=1619471700&end=1619472000&step=30,HTTP/2.0,200,212,https://grafana.itoutposts.com/d/xtkCtBkiz/blackbox-exporter-overview?orgId=1&refresh=5s,"Mozilla/5.0 (Macintosh; Intel Mac OS X 10_15_7) AppleWebKit/537.36 (KHTML, like Gecko) Chrome/90.0.4430.85 Safari/537.36"" 134 0.003 [monitoring-monitoring-prometheus-grafana-80] [] 192.168.226.102:3000 212 0.004 200 3b652da917d336e54bbfd980763467"
162.55.33.98,26/Apr/2021:21:20:22,GET,/api/datasources/proxy/1/api/v1/query_range?query=avg(probe_duration_seconds%7Btarget%3D~%22()%22%7D)&start=1619471700&end=1619472000&step=30,HTTP/2.0,200,225,https://grafana.itoutposts.com/d/xtkCtBkiz/blackbox-exporter-overview?orgId=1&refresh=5s,"Mozilla/5.0 (Macintosh; Intel Mac OS X 10_15_7) AppleWebKit/537.36 (KHTML, like Gecko) Chrome/90.0.4430.85 Safari/537.36"" 127 0.004 [monitoring-monitoring-prometheus-grafana-80] [] 192.168.226.102:3000 225 0.004 200 fa5114c058566b51d009cf6dc7967f"
162.55.33.98,26/Apr/2021:21:20:22,GET,/api/datasources/proxy/1/api/v1/query_range?query=avg(probe_dns_lookup_time_seconds%7Btarget%3D~%22()%22%7D)&start=1619471700&end=1619472000&step=30,HTTP/2.0,200,209,https://grafana.itoutposts.com/d/xtkCtBkiz/blackbox-exporter-overview?orgId=1&refresh=5s,"Mozilla/5.0 (Macintosh; Intel Mac OS X 10_15_7) AppleWebKit/537.36 (KHTML, like Gecko) Chrome/90.0.4430.85 Safari/537.36"" 132 0.003 [monitoring-monitoring-prometheus-grafana-80] [] 192.168.226.102:3000 209 0.004 200 8ed040fc001eb8b8fe2c240546b09d"
162.55.33.98,26/Apr/2021:21:20:22,GET,/api/datasources/proxy/1/api/v1/query_range?query=sum_over_time(probe_success%5B5s%5D)&start=1619471700&end=1619472000&step=30,HTTP/2.0,200,87,https://grafana.itoutposts.com/d/xtkCtBkiz/blackbox-exporter-overview?orgId=1&refresh=5s,"Mozilla/5.0 (Macintosh; Intel Mac OS X 10_15_7) AppleWebKit/537.36 (KHTML, like Gecko) Chrome/90.0.4430.85 Safari/537.36"" 115 0.006 [monitoring-monitoring-prometheus-grafana-80] [] 192.168.226.102:3000 87 0.004 200 04edc6999d4ef96c909cae981c5418"
162.55.33.98,26/Apr/2021:21:20:22,GET,/api/datasources/proxy/1/api/v1/query_range?query=probe_duration_seconds%20and%20probe_success%20%3D%3D%201&start=1619471700&end=1619472000&step=30,HTTP/2.0,200,288,https://grafana.itoutposts.com/d/xtkCtBkiz/blackbox-exporter-overview?orgId=1&refresh=5s,"Mozilla/5.0 (Macintosh; Intel Mac OS X 10_15_7) AppleWebKit/537.36 (KHTML, like Gecko) Chrome/90.0.4430.85 Safari/537.36"" 128 0.007 [monitoring-monitoring-prometheus-grafana-80] [] 192.168.226.102:3000 288 0.008 200 325ccd69dd088e0b14046eb68c5c64"
162.55.33.98,26/Apr/2021:21:20:22,GET,/api/datasources/proxy/1/api/v1/query_range?query=sum_over_time(probe_success%7Btarget%3D~%22()%22%7D%5B5s%5D)&start=1619471700&end=1619472000&step=30,HTTP/2.0,200,87,https://grafana.itoutposts.com/d/xtkCtBkiz/blackbox-exporter-overview?orgId=1&refresh=5s,"Mozilla/5.0 (Macintosh; Intel Mac OS X 10_15_7) AppleWebKit/537.36 (KHTML, like Gecko) Chrome/90.0.4430.85 Safari/537.36"" 134 0.007 [monitoring-monitoring-prometheus-grafana-80] [] 192.168.226.102:3000 87 0.008 200 4ce4157e3aee95b732011414910c42"
162.55.33.98,26/Apr/2021:21:20:22,GET,/api/datasources/proxy/1/api/v1/query_range?query=probe_duration_seconds%7Btarget%3D~%22()%22%7D%20and%20probe_success%7Btarget%3D~%22()%22%7D%20%3D%3D%201&start=1619471700&end=1619472000&step=30,HTTP/2.0,200,288,https://grafana.itoutposts.com/d/xtkCtBkiz/blackbox-exporter-overview?orgId=1&refresh=5s,"Mozilla/5.0 (Macintosh; Intel Mac OS X 10_15_7) AppleWebKit/537.36 (KHTML, like Gecko) Chrome/90.0.4430.85 Safari/537.36"" 167 0.004 [monitoring-monitoring-prometheus-grafana-80] [] 192.168.226.102:3000 288 0.004 200 03bf0328751c9c50d02529c73072e0"
162.55.33.98,26/Apr/2021:21:20:27,GET,/api/search?query=&type=dash-folder&permission=Edit,HTTP/2.0,200,2,https://grafana.itoutposts.com/d/xtkCtBkiz/blackbox-exporter-overview?orgId=1&refresh=5s,"Mozilla/5.0 (Macintosh; Intel Mac OS X 10_15_7) AppleWebKit/537.36 (KHTML, like Gecko) Chrome/90.0.4430.85 Safari/537.36"" 59 0.003 [monitoring-monitoring-prometheus-grafana-80] [] 192.168.226.102:3000 2 0.004 200 3c7c4ff757b90f995f763dfe0a75e9"
162.55.33.98,26/Apr/2021:21:20:27,GET,/api/annotations?from=1619471726851&to=1619472026851&dashboardId=25,HTTP/2.0,200,2,https://grafana.itoutposts.com/d/xtkCtBkiz/blackbox-exporter-overview?editview=settings&orgId=1&refresh=5s,"Mozilla/5.0 (Macintosh; Intel Mac OS X 10_15_7) AppleWebKit/537.36 (KHTML, like Gecko) Chrome/90.0.4430.85 Safari/537.36"" 147 0.002 [monitoring-monitoring-prometheus-grafana-80] [] 192.168.226.102:3000 2 0.000 200 bb93ed9d70743cffd043dd44a26e5e"
162.55.33.98,26/Apr/2021:21:20:27,GET,/api/datasources/proxy/1/api/v1/query_range?query=probe_success%7Btarget%3D~%22()%22%7D&start=1619471700&end=1619472000&step=30,HTTP/2.0,200,201,https://grafana.itoutposts.com/d/xtkCtBkiz/blackbox-exporter-overview?editview=settings&orgId=1&refresh=5s,"Mozilla/5.0 (Macintosh; Intel Mac OS X 10_15_7) AppleWebKit/537.36 (KHTML, like Gecko) Chrome/90.0.4430.85 Safari/537.36"" 116 0.003 [monitoring-monitoring-prometheus-grafana-80] [] 192.168.226.102:3000 201 0.004 200 a0beefab689e7a3d60fe422e936e00"
192.168.226.64,26/Apr/2021:21:20:27,GET,/api/search?query=&type=dash-folder&permission=Edit,HTTP/2.0,200,2,https://grafana.itoutposts.com/d/xtkCtBkiz/blackbox-exporter-overview?orgId=1&refresh=5s,"Mozilla/5.0 (Macintosh; Intel Mac OS X 10_15_7) AppleWebKit/537.36 (KHTML, like Gecko) Chrome/90.0.4430.85 Safari/537.36"" 124 0.004 [monitoring-monitoring-prometheus-grafana-80] [] 192.168.226.102:3000 2 0.000 200 598ad57a102e34b2c3e9c34e7fe70e"
192.168.226.64,26/Apr/2021:21:20:27,GET,/api/datasources/proxy/1/api/v1/query_range?query=probe_http_ssl%7Btarget%3D~%22()%22%7D&start=1619471700&end=1619472000&step=30,HTTP/2.0,200,204,https://grafana.itoutposts.com/d/xtkCtBkiz/blackbox-exporter-overview?editview=settings&orgId=1&refresh=5s,"Mozilla/5.0 (Macintosh; Intel Mac OS X 10_15_7) AppleWebKit/537.36 (KHTML, like Gecko) Chrome/90.0.4430.85 Safari/537.36"" 697 0.005 [monitoring-monitoring-prometheus-grafana-80] [] 192.168.226.102:3000 204 0.004 200 3034be2bda349c1393fe33bfca295f"
192.168.226.64,26/Apr/2021:21:20:27,GET,/api/datasources/proxy/1/api/v1/query_range?query=probe_http_status_code%7Btarget%3D~%22()%22%7D&start=1619471700&end=1619472000&step=30,HTTP/2.0,200,210,https://grafana.itoutposts.com/d/xtkCtBkiz/blackbox-exporter-overview?editview=settings&orgId=1&refresh=5s,"Mozilla/5.0 (Macintosh; Intel Mac OS X 10_15_7) AppleWebKit/537.36 (KHTML, like Gecko) Chrome/90.0.4430.85 Safari/537.36"" 125 0.005 [monitoring-monitoring-prometheus-grafana-80] [] 192.168.226.102:3000 210 0.004 200 72a82f1ea005b93be8c1d7d8b97dd9"
192.168.226.64,26/Apr/2021:21:20:27,GET,/api/datasources/proxy/1/api/v1/query_range?query=probe_ssl_earliest_cert_expiry%7Btarget%3D~%22()%22%7D-time()&start=1619471700&end=1619472000&step=30,HTTP/2.0,200,212,https://grafana.itoutposts.com/d/xtkCtBkiz/blackbox-exporter-overview?editview=settings&orgId=1&refresh=5s,"Mozilla/5.0 (Macintosh; Intel Mac OS X 10_15_7) AppleWebKit/537.36 (KHTML, like Gecko) Chrome/90.0.4430.85 Safari/537.36"" 137 0.006 [monitoring-monitoring-prometheus-grafana-80] [] 192.168.226.102:3000 212 0.004 200 9a4aaf047d5c99ffe9dc6428e1c9b7"
192.168.226.64,26/Apr/2021:21:20:27,GET,/api/datasources/proxy/1/api/v1/query_range?query=avg(probe_duration_seconds%7Btarget%3D~%22()%22%7D)&start=1619471700&end=1619472000&step=30,HTTP/2.0,200,225,https://grafana.itoutposts.com/d/xtkCtBkiz/blackbox-exporter-overview?editview=settings&orgId=1&refresh=5s,"Mozilla/5.0 (Macintosh; Intel Mac OS X 10_15_7) AppleWebKit/537.36 (KHTML, like Gecko) Chrome/90.0.4430.85 Safari/537.36"" 131 0.006 [monitoring-monitoring-prometheus-grafana-80] [] 192.168.226.102:3000 225 0.004 200 b448c355de7787e6b68ca88ef30e4a"
192.168.226.64,26/Apr/2021:21:20:27,GET,/api/datasources/proxy/1/api/v1/query_range?query=avg(probe_dns_lookup_time_seconds%7Btarget%3D~%22()%22%7D)&start=1619471700&end=1619472000&step=30,HTTP/2.0,200,209,https://grafana.itoutposts.com/d/xtkCtBkiz/blackbox-exporter-overview?editview=settings&orgId=1&refresh=5s,"Mozilla/5.0 (Macintosh; Intel Mac OS X 10_15_7) AppleWebKit/537.36 (KHTML, like Gecko) Chrome/90.0.4430.85 Safari/537.36"" 135 0.004 [monitoring-monitoring-prometheus-grafana-80] [] 192.168.226.102:3000 209 0.000 200 1196ec7d764eab1bca41981cfe9252"
192.168.226.64,26/Apr/2021:21:20:27,GET,/api/datasources/proxy/1/api/v1/query_range?query=probe_duration_seconds%20and%20probe_success%20%3D%3D%201&start=1619471700&end=1619472000&step=30,HTTP/2.0,200,288,https://grafana.itoutposts.com/d/xtkCtBkiz/blackbox-exporter-overview?editview=settings&orgId=1&refresh=5s,"Mozilla/5.0 (Macintosh; Intel Mac OS X 10_15_7) AppleWebKit/537.36 (KHTML, like Gecko) Chrome/90.0.4430.85 Safari/537.36"" 131 0.004 [monitoring-monitoring-prometheus-grafana-80] [] 192.168.226.102:3000 288 0.004 200 f970be6b7e35d87e8957871b562c3c"
192.168.226.64,26/Apr/2021:21:20:27,GET,/api/datasources/proxy/1/api/v1/query_range?query=sum_over_time(probe_success%5B5s%5D)&start=1619471700&end=1619472000&step=30,HTTP/2.0,200,87,https://grafana.itoutposts.com/d/xtkCtBkiz/blackbox-exporter-overview?editview=settings&orgId=1&refresh=5s,"Mozilla/5.0 (Macintosh; Intel Mac OS X 10_15_7) AppleWebKit/537.36 (KHTML, like Gecko) Chrome/90.0.4430.85 Safari/537.36"" 118 0.003 [monitoring-monitoring-prometheus-grafana-80] [] 192.168.226.102:3000 87 0.004 200 d6572244ffe344089718555fe9cbd5"
192.168.226.64,26/Apr/2021:21:20:27,GET,/api/datasources/proxy/1/api/v1/query_range?query=sum_over_time(probe_success%7Btarget%3D~%22()%22%7D%5B5s%5D)&start=1619471700&end=1619472000&step=30,HTTP/2.0,200,87,https://grafana.itoutposts.com/d/xtkCtBkiz/blackbox-exporter-overview?editview=settings&orgId=1&refresh=5s,"Mozilla/5.0 (Macintosh; Intel Mac OS X 10_15_7) AppleWebKit/537.36 (KHTML, like Gecko) Chrome/90.0.4430.85 Safari/537.36"" 137 0.002 [monitoring-monitoring-prometheus-grafana-80] [] 192.168.226.102:3000 87 0.000 200 bfff6b31b97721b3854c01109f30b3"
192.168.226.64,26/Apr/2021:21:20:27,GET,/api/datasources/proxy/1/api/v1/query_range?query=probe_duration_seconds%7Btarget%3D~%22()%22%7D%20and%20probe_success%7Btarget%3D~%22()%22%7D%20%3D%3D%201&start=1619471700&end=1619472000&step=30,HTTP/2.0,200,288,https://grafana.itoutposts.com/d/xtkCtBkiz/blackbox-exporter-overview?editview=settings&orgId=1&refresh=5s,"Mozilla/5.0 (Macintosh; Intel Mac OS X 10_15_7) AppleWebKit/537.36 (KHTML, like Gecko) Chrome/90.0.4430.85 Safari/537.36"" 170 0.002 [monitoring-monitoring-prometheus-grafana-80] [] 192.168.226.102:3000 288 0.000 200 d8da966709107bff1fcd5f8a154bf8"
192.168.226.64,26/Apr/2021:21:20:32,GET,/api/annotations?from=1619471731871&to=1619472031871&dashboardId=25,HTTP/2.0,200,2,https://grafana.itoutposts.com/d/xtkCtBkiz/blackbox-exporter-overview?editview=templating&orgId=1&refresh=5s,"Mozilla/5.0 (Macintosh; Intel Mac OS X 10_15_7) AppleWebKit/537.36 (KHTML, like Gecko) Chrome/90.0.4430.85 Safari/537.36"" 149 0.005 [monitoring-monitoring-prometheus-grafana-80] [] 192.168.226.102:3000 2 0.008 200 85f54541989535a238439136da966b"
192.168.226.64,26/Apr/2021:21:20:32,GET,/api/datasources/proxy/1/api/v1/query_range?query=probe_success%7Btarget%3D~%22()%22%7D&start=1619471730&end=1619472030&step=30,HTTP/2.0,200,201,https://grafana.itoutposts.com/d/xtkCtBkiz/blackbox-exporter-overview?editview=templating&orgId=1&refresh=5s,"Mozilla/5.0 (Macintosh; Intel Mac OS X 10_15_7) AppleWebKit/537.36 (KHTML, like Gecko) Chrome/90.0.4430.85 Safari/537.36"" 119 0.006 [monitoring-monitoring-prometheus-grafana-80] [] 192.168.226.102:3000 201 0.008 200 a578d6175ef88cb4609f3cba8f9b8e"
192.168.226.64,26/Apr/2021:21:20:32,GET,/api/datasources/proxy/1/api/v1/query_range?query=probe_http_ssl%7Btarget%3D~%22()%22%7D&start=1619471730&end=1619472030&step=30,HTTP/2.0,200,204,https://grafana.itoutposts.com/d/xtkCtBkiz/blackbox-exporter-overview?editview=templating&orgId=1&refresh=5s,"Mozilla/5.0 (Macintosh; Intel Mac OS X 10_15_7) AppleWebKit/537.36 (KHTML, like Gecko) Chrome/90.0.4430.85 Safari/537.36"" 117 0.007 [monitoring-monitoring-prometheus-grafana-80] [] 192.168.226.102:3000 204 0.004 200 c48c4e52d95a8a6c02ef1fd67b3d7c"
192.168.226.64,26/Apr/2021:21:20:32,GET,/api/datasources/proxy/1/api/v1/query_range?query=probe_http_status_code%7Btarget%3D~%22()%22%7D&start=1619471730&end=1619472030&step=30,HTTP/2.0,200,210,https://grafana.itoutposts.com/d/xtkCtBkiz/blackbox-exporter-overview?editview=templating&orgId=1&refresh=5s,"Mozilla/5.0 (Macintosh; Intel Mac OS X 10_15_7) AppleWebKit/537.36 (KHTML, like Gecko) Chrome/90.0.4430.85 Safari/537.36"" 123 0.008 [monitoring-monitoring-prometheus-grafana-80] [] 192.168.226.102:3000 210 0.008 200 dd0c5a9b4aafc3b8f3336006919d6c"
192.168.226.64,26/Apr/2021:21:20:32,GET,/api/datasources/proxy/1/api/v1/query_range?query=probe_ssl_earliest_cert_expiry%7Btarget%3D~%22()%22%7D-time()&start=1619471730&end=1619472030&step=30,HTTP/2.0,200,212,https://grafana.itoutposts.com/d/xtkCtBkiz/blackbox-exporter-overview?editview=templating&orgId=1&refresh=5s,"Mozilla/5.0 (Macintosh; Intel Mac OS X 10_15_7) AppleWebKit/537.36 (KHTML, like Gecko) Chrome/90.0.4430.85 Safari/537.36"" 134 0.008 [monitoring-monitoring-prometheus-grafana-80] [] 192.168.226.102:3000 212 0.008 200 dfe052154c00db1d0fef81f3ec21c3"
192.168.226.64,26/Apr/2021:21:20:32,GET,/api/datasources/proxy/1/api/v1/query_range?query=avg(probe_dns_lookup_time_seconds%7Btarget%3D~%22()%22%7D)&start=1619471730&end=1619472030&step=30,HTTP/2.0,200,206,https://grafana.itoutposts.com/d/xtkCtBkiz/blackbox-exporter-overview?editview=templating&orgId=1&refresh=5s,"Mozilla/5.0 (Macintosh; Intel Mac OS X 10_15_7) AppleWebKit/537.36 (KHTML, like Gecko) Chrome/90.0.4430.85 Safari/537.36"" 133 0.003 [monitoring-monitoring-prometheus-grafana-80] [] 192.168.226.102:3000 206 0.000 200 b5425d6ba507226d9c9dbe3314ccdf"
192.168.226.64,26/Apr/2021:21:20:32,GET,/api/datasources/proxy/1/api/v1/query_range?query=probe_duration_seconds%20and%20probe_success%20%3D%3D%201&start=1619471730&end=1619472030&step=30,HTTP/2.0,200,290,https://grafana.itoutposts.com/d/xtkCtBkiz/blackbox-exporter-overview?editview=templating&orgId=1&refresh=5s,"Mozilla/5.0 (Macintosh; Intel Mac OS X 10_15_7) AppleWebKit/537.36 (KHTML, like Gecko) Chrome/90.0.4430.85 Safari/537.36"" 128 0.004 [monitoring-monitoring-prometheus-grafana-80] [] 192.168.226.102:3000 290 0.004 200 79cb9338937cb0eb66be575641ef4e"
192.168.226.64,26/Apr/2021:21:20:32,GET,/api/datasources/proxy/1/api/v1/query_range?query=avg(probe_duration_seconds%7Btarget%3D~%22()%22%7D)&start=1619471730&end=1619472030&step=30,HTTP/2.0,200,226,https://grafana.itoutposts.com/d/xtkCtBkiz/blackbox-exporter-overview?editview=templating&orgId=1&refresh=5s,"Mozilla/5.0 (Macintosh; Intel Mac OS X 10_15_7) AppleWebKit/537.36 (KHTML, like Gecko) Chrome/90.0.4430.85 Safari/537.36"" 128 0.005 [monitoring-monitoring-prometheus-grafana-80] [] 192.168.226.102:3000 226 0.008 200 24b4813f5b14e6cd8f68bf0f8a0001"
192.168.226.64,26/Apr/2021:21:20:32,GET,/api/datasources/proxy/1/api/v1/query_range?query=sum_over_time(probe_success%7Btarget%3D~%22()%22%7D%5B5s%5D)&start=1619471730&end=1619472030&step=30,HTTP/2.0,200,87,https://grafana.itoutposts.com/d/xtkCtBkiz/blackbox-exporter-overview?editview=templating&orgId=1&refresh=5s,"Mozilla/5.0 (Macintosh; Intel Mac OS X 10_15_7) AppleWebKit/537.36 (KHTML, like Gecko) Chrome/90.0.4430.85 Safari/537.36"" 134 0.003 [monitoring-monitoring-prometheus-grafana-80] [] 192.168.226.102:3000 87 0.004 200 4ada71d6e366b3236898260c61e836"
192.168.226.64,26/Apr/2021:21:20:32,GET,/api/datasources/proxy/1/api/v1/query_range?query=sum_over_time(probe_success%5B5s%5D)&start=1619471730&end=1619472030&step=30,HTTP/2.0,200,87,https://grafana.itoutposts.com/d/xtkCtBkiz/blackbox-exporter-overview?editview=templating&orgId=1&refresh=5s,"Mozilla/5.0 (Macintosh; Intel Mac OS X 10_15_7) AppleWebKit/537.36 (KHTML, like Gecko) Chrome/90.0.4430.85 Safari/537.36"" 115 0.003 [monitoring-monitoring-prometheus-grafana-80] [] 192.168.226.102:3000 87 0.004 200 a4ce45619bbcaa2d51db1a9c8d8f92"
192.168.226.64,26/Apr/2021:21:20:32,GET,/api/datasources/proxy/1/api/v1/query_range?query=probe_duration_seconds%7Btarget%3D~%22()%22%7D%20and%20probe_success%7Btarget%3D~%22()%22%7D%20%3D%3D%201&start=1619471730&end=1619472030&step=30,HTTP/2.0,200,290,https://grafana.itoutposts.com/d/xtkCtBkiz/blackbox-exporter-overview?editview=templating&orgId=1&refresh=5s,"Mozilla/5.0 (Macintosh; Intel Mac OS X 10_15_7) AppleWebKit/537.36 (KHTML, like Gecko) Chrome/90.0.4430.85 Safari/537.36"" 167 0.005 [monitoring-monitoring-prometheus-grafana-80] [] 192.168.226.102:3000 290 0.004 200 d3b4947542164ce31ae79b1ced3cfe"
192.168.226.64,26/Apr/2021:21:20:37,GET,/api/annotations?from=1619471736876&to=1619472036876&dashboardId=25,HTTP/2.0,200,2,https://grafana.itoutposts.com/d/xtkCtBkiz/blackbox-exporter-overview?editview=templating&orgId=1&refresh=5s,"Mozilla/5.0 (Macintosh; Intel Mac OS X 10_15_7) AppleWebKit/537.36 (KHTML, like Gecko) Chrome/90.0.4430.85 Safari/537.36"" 70 0.003 [monitoring-monitoring-prometheus-grafana-80] [] 192.168.226.102:3000 2 0.004 200 71f5d7bb5991e163e8a168b04ab2ae"
192.168.226.64,26/Apr/2021:21:20:37,GET,/api/datasources/proxy/1/api/v1/query_range?query=probe_http_status_code%7Btarget%3D~%22()%22%7D&start=1619471730&end=1619472030&step=30,HTTP/2.0,200,210,https://grafana.itoutposts.com/d/xtkCtBkiz/blackbox-exporter-overview?editview=templating&orgId=1&refresh=5s,"Mozilla/5.0 (Macintosh; Intel Mac OS X 10_15_7) AppleWebKit/537.36 (KHTML, like Gecko) Chrome/90.0.4430.85 Safari/537.36"" 123 0.003 [monitoring-monitoring-prometheus-grafana-80] [] 192.168.226.102:3000 210 0.004 200 2fae5ef6db5a1bf1a4551225aa9c53"
192.168.226.64,26/Apr/2021:21:20:37,GET,/api/datasources/proxy/1/api/v1/query_range?query=probe_ssl_earliest_cert_expiry%7Btarget%3D~%22()%22%7D-time()&start=1619471730&end=1619472030&step=30,HTTP/2.0,200,212,https://grafana.itoutposts.com/d/xtkCtBkiz/blackbox-exporter-overview?editview=templating&orgId=1&refresh=5s,"Mozilla/5.0 (Macintosh; Intel Mac OS X 10_15_7) AppleWebKit/537.36 (KHTML, like Gecko) Chrome/90.0.4430.85 Safari/537.36"" 134 0.006 [monitoring-monitoring-prometheus-grafana-80] [] 192.168.226.102:3000 212 0.008 200 6bc328f046dcd1df823aa920397fb3"
192.168.226.64,26/Apr/2021:21:20:37,GET,/api/datasources/proxy/1/api/v1/query_range?query=probe_success%7Btarget%3D~%22()%22%7D&start=1619471730&end=1619472030&step=30,HTTP/2.0,200,201,https://grafana.itoutposts.com/d/xtkCtBkiz/blackbox-exporter-overview?editview=templating&orgId=1&refresh=5s,"Mozilla/5.0 (Macintosh; Intel Mac OS X 10_15_7) AppleWebKit/537.36 (KHTML, like Gecko) Chrome/90.0.4430.85 Safari/537.36"" 116 0.007 [monitoring-monitoring-prometheus-grafana-80] [] 192.168.226.102:3000 201 0.008 200 c10141117983e888db68f2e1ff2235"
192.168.226.64,26/Apr/2021:21:20:37,GET,/api/datasources/proxy/1/api/v1/query_range?query=probe_http_ssl%7Btarget%3D~%22()%22%7D&start=1619471730&end=1619472030&step=30,HTTP/2.0,200,204,https://grafana.itoutposts.com/d/xtkCtBkiz/blackbox-exporter-overview?editview=templating&orgId=1&refresh=5s,"Mozilla/5.0 (Macintosh; Intel Mac OS X 10_15_7) AppleWebKit/537.36 (KHTML, like Gecko) Chrome/90.0.4430.85 Safari/537.36"" 117 0.007 [monitoring-monitoring-prometheus-grafana-80] [] 192.168.226.102:3000 204 0.008 200 60724ca6531bc640649bac50bbc04a"
192.168.226.64,26/Apr/2021:21:20:37,GET,/api/datasources/proxy/1/api/v1/query_range?query=avg(probe_dns_lookup_time_seconds%7Btarget%3D~%22()%22%7D)&start=1619471730&end=1619472030&step=30,HTTP/2.0,200,206,https://grafana.itoutposts.com/d/xtkCtBkiz/blackbox-exporter-overview?editview=templating&orgId=1&refresh=5s,"Mozilla/5.0 (Macintosh; Intel Mac OS X 10_15_7) AppleWebKit/537.36 (KHTML, like Gecko) Chrome/90.0.4430.85 Safari/537.36"" 133 0.002 [monitoring-monitoring-prometheus-grafana-80] [] 192.168.226.102:3000 206 0.004 200 817ff832f6bede183bf2151d158eb5"
192.168.226.64,26/Apr/2021:21:20:37,GET,/api/datasources/proxy/1/api/v1/query_range?query=avg(probe_duration_seconds%7Btarget%3D~%22()%22%7D)&start=1619471730&end=1619472030&step=30,HTTP/2.0,200,226,https://grafana.itoutposts.com/d/xtkCtBkiz/blackbox-exporter-overview?editview=templating&orgId=1&refresh=5s,"Mozilla/5.0 (Macintosh; Intel Mac OS X 10_15_7) AppleWebKit/537.36 (KHTML, like Gecko) Chrome/90.0.4430.85 Safari/537.36"" 128 0.003 [monitoring-monitoring-prometheus-grafana-80] [] 192.168.226.102:3000 226 0.004 200 a8ff84a57704571bb37d2c3f32cb88"
192.168.226.64,26/Apr/2021:21:20:37,GET,/api/datasources/proxy/1/api/v1/query_range?query=sum_over_time(probe_success%7Btarget%3D~%22()%22%7D%5B5s%5D)&start=1619471730&end=1619472030&step=30,HTTP/2.0,200,87,https://grafana.itoutposts.com/d/xtkCtBkiz/blackbox-exporter-overview?editview=templating&orgId=1&refresh=5s,"Mozilla/5.0 (Macintosh; Intel Mac OS X 10_15_7) AppleWebKit/537.36 (KHTML, like Gecko) Chrome/90.0.4430.85 Safari/537.36"" 134 0.002 [monitoring-monitoring-prometheus-grafana-80] [] 192.168.226.102:3000 87 0.004 200 9f6ff0ad8f8c7d53ef0bcd48cbdf8e"
192.168.226.64,26/Apr/2021:21:20:37,GET,/api/datasources/proxy/1/api/v1/query_range?query=probe_duration_seconds%20and%20probe_success%20%3D%3D%201&start=1619471730&end=1619472030&step=30,HTTP/2.0,200,290,https://grafana.itoutposts.com/d/xtkCtBkiz/blackbox-exporter-overview?editview=templating&orgId=1&refresh=5s,"Mozilla/5.0 (Macintosh; Intel Mac OS X 10_15_7) AppleWebKit/537.36 (KHTML, like Gecko) Chrome/90.0.4430.85 Safari/537.36"" 128 0.003 [monitoring-monitoring-prometheus-grafana-80] [] 192.168.226.102:3000 290 0.004 200 860237588e26a5dc3d1d06eacce535"
192.168.226.64,26/Apr/2021:21:20:37,GET,/api/datasources/proxy/1/api/v1/query_range?query=sum_over_time(probe_success%5B5s%5D)&start=1619471730&end=1619472030&step=30,HTTP/2.0,200,87,https://grafana.itoutposts.com/d/xtkCtBkiz/blackbox-exporter-overview?editview=templating&orgId=1&refresh=5s,"Mozilla/5.0 (Macintosh; Intel Mac OS X 10_15_7) AppleWebKit/537.36 (KHTML, like Gecko) Chrome/90.0.4430.85 Safari/537.36"" 115 0.003 [monitoring-monitoring-prometheus-grafana-80] [] 192.168.226.102:3000 87 0.004 200 80fb2e4cba63d01ebcba41347eab69"
192.168.226.64,26/Apr/2021:21:20:37,GET,/api/datasources/proxy/1/api/v1/query_range?query=probe_duration_seconds%7Btarget%3D~%22()%22%7D%20and%20probe_success%7Btarget%3D~%22()%22%7D%20%3D%3D%201&start=1619471730&end=1619472030&step=30,HTTP/2.0,200,290,https://grafana.itoutposts.com/d/xtkCtBkiz/blackbox-exporter-overview?editview=templating&orgId=1&refresh=5s,"Mozilla/5.0 (Macintosh; Intel Mac OS X 10_15_7) AppleWebKit/537.36 (KHTML, like Gecko) Chrome/90.0.4430.85 Safari/537.36"" 167 0.003 [monitoring-monitoring-prometheus-grafana-80] [] 192.168.226.102:3000 290 0.004 200 4717c518a0f723c13607af5627bcc6"
192.168.226.64,26/Apr/2021:21:20:44,GET,/api/annotations?from=1619471744661&to=1619472044661&dashboardId=25,HTTP/2.0,200,2,https://grafana.itoutposts.com/d/xtkCtBkiz/blackbox-exporter-overview?editview=templating&orgId=1&refresh=5s,"Mozilla/5.0 (Macintosh; Intel Mac OS X 10_15_7) AppleWebKit/537.36 (KHTML, like Gecko) Chrome/90.0.4430.85 Safari/537.36"" 69 0.003 [monitoring-monitoring-prometheus-grafana-80] [] 192.168.226.102:3000 2 0.000 200 d913f728148d75ed448d2b0ac55789"
192.168.226.64,26/Apr/2021:21:20:44,GET,/api/datasources/proxy/1/api/v1/query_range?query=probe_http_ssl%7Btarget%3D~%22()%22%7D&start=1619471730&end=1619472030&step=30,HTTP/2.0,200,204,https://grafana.itoutposts.com/d/xtkCtBkiz/blackbox-exporter-overview?editview=templating&orgId=1&refresh=5s,"Mozilla/5.0 (Macintosh; Intel Mac OS X 10_15_7) AppleWebKit/537.36 (KHTML, like Gecko) Chrome/90.0.4430.85 Safari/537.36"" 117 0.004 [monitoring-monitoring-prometheus-grafana-80] [] 192.168.226.102:3000 204 0.004 200 d846fa3e8064fd7d84235512059203"
192.168.226.64,26/Apr/2021:21:20:44,GET,/api/datasources/proxy/1/api/v1/query_range?query=probe_success%7Btarget%3D~%22()%22%7D&start=1619471730&end=1619472030&step=30,HTTP/2.0,200,201,https://grafana.itoutposts.com/d/xtkCtBkiz/blackbox-exporter-overview?editview=templating&orgId=1&refresh=5s,"Mozilla/5.0 (Macintosh; Intel Mac OS X 10_15_7) AppleWebKit/537.36 (KHTML, like Gecko) Chrome/90.0.4430.85 Safari/537.36"" 116 0.004 [monitoring-monitoring-prometheus-grafana-80] [] 192.168.226.102:3000 201 0.004 200 597deb0cd957202d9eb4dc89f8941f"
192.168.226.64,26/Apr/2021:21:20:44,GET,/api/datasources/proxy/1/api/v1/query_range?query=probe_ssl_earliest_cert_expiry%7Btarget%3D~%22()%22%7D-time()&start=1619471730&end=1619472030&step=30,HTTP/2.0,200,212,https://grafana.itoutposts.com/d/xtkCtBkiz/blackbox-exporter-overview?editview=templating&orgId=1&refresh=5s,"Mozilla/5.0 (Macintosh; Intel Mac OS X 10_15_7) AppleWebKit/537.36 (KHTML, like Gecko) Chrome/90.0.4430.85 Safari/537.36"" 134 0.003 [monitoring-monitoring-prometheus-grafana-80] [] 192.168.226.102:3000 212 0.004 200 81be3e54253070b08dad9d5260ba31"
192.168.226.64,26/Apr/2021:21:20:44,GET,/api/datasources/proxy/1/api/v1/query_range?query=probe_http_status_code%7Btarget%3D~%22()%22%7D&start=1619471730&end=1619472030&step=30,HTTP/2.0,200,210,https://grafana.itoutposts.com/d/xtkCtBkiz/blackbox-exporter-overview?editview=templating&orgId=1&refresh=5s,"Mozilla/5.0 (Macintosh; Intel Mac OS X 10_15_7) AppleWebKit/537.36 (KHTML, like Gecko) Chrome/90.0.4430.85 Safari/537.36"" 123 0.002 [monitoring-monitoring-prometheus-grafana-80] [] 192.168.226.102:3000 210 0.000 200 31d277071a883b554c5015df044696"
192.168.226.64,26/Apr/2021:21:20:45,GET,/api/datasources/proxy/1/api/v1/query_range?query=avg(probe_duration_seconds%7Btarget%3D~%22()%22%7D)&start=1619471730&end=1619472030&step=30,HTTP/2.0,200,226,https://grafana.itoutposts.com/d/xtkCtBkiz/blackbox-exporter-overview?editview=templating&orgId=1&refresh=5s,"Mozilla/5.0 (Macintosh; Intel Mac OS X 10_15_7) AppleWebKit/537.36 (KHTML, like Gecko) Chrome/90.0.4430.85 Safari/537.36"" 128 0.003 [monitoring-monitoring-prometheus-grafana-80] [] 192.168.226.102:3000 226 0.004 200 36d095e2850c0fb5d803c0a94cef9e"
192.168.226.64,26/Apr/2021:21:20:45,GET,/api/datasources/proxy/1/api/v1/query_range?query=avg(probe_dns_lookup_time_seconds%7Btarget%3D~%22()%22%7D)&start=1619471730&end=1619472030&step=30,HTTP/2.0,200,206,https://grafana.itoutposts.com/d/xtkCtBkiz/blackbox-exporter-overview?editview=templating&orgId=1&refresh=5s,"Mozilla/5.0 (Macintosh; Intel Mac OS X 10_15_7) AppleWebKit/537.36 (KHTML, like Gecko) Chrome/90.0.4430.85 Safari/537.36"" 133 0.003 [monitoring-monitoring-prometheus-grafana-80] [] 192.168.226.102:3000 206 0.004 200 5bf8dae5d50fec836fe899356116df"
192.168.226.64,26/Apr/2021:21:20:45,GET,/api/datasources/proxy/1/api/v1/query_range?query=probe_duration_seconds%20and%20probe_success%20%3D%3D%201&start=1619471730&end=1619472030&step=30,HTTP/2.0,200,290,https://grafana.itoutposts.com/d/xtkCtBkiz/blackbox-exporter-overview?editview=templating&orgId=1&refresh=5s,"Mozilla/5.0 (Macintosh; Intel Mac OS X 10_15_7) AppleWebKit/537.36 (KHTML, like Gecko) Chrome/90.0.4430.85 Safari/537.36"" 128 0.003 [monitoring-monitoring-prometheus-grafana-80] [] 192.168.226.102:3000 290 0.004 200 9ad87b6293ea1137b63f62c638a383"
192.168.226.64,26/Apr/2021:21:20:45,GET,/api/datasources/proxy/1/api/v1/query_range?query=sum_over_time(probe_success%5B5s%5D)&start=1619471730&end=1619472030&step=30,HTTP/2.0,200,87,https://grafana.itoutposts.com/d/xtkCtBkiz/blackbox-exporter-overview?editview=templating&orgId=1&refresh=5s,"Mozilla/5.0 (Macintosh; Intel Mac OS X 10_15_7) AppleWebKit/537.36 (KHTML, like Gecko) Chrome/90.0.4430.85 Safari/537.36"" 115 0.003 [monitoring-monitoring-prometheus-grafana-80] [] 192.168.226.102:3000 87 0.000 200 94502b08161c7c996500e445582913"
192.168.226.64,26/Apr/2021:21:20:45,GET,/api/datasources/proxy/1/api/v1/query_range?query=sum_over_time(probe_success%7Btarget%3D~%22()%22%7D%5B5s%5D)&start=1619471730&end=1619472030&step=30,HTTP/2.0,200,87,https://grafana.itoutposts.com/d/xtkCtBkiz/blackbox-exporter-overview?editview=templating&orgId=1&refresh=5s,"Mozilla/5.0 (Macintosh; Intel Mac OS X 10_15_7) AppleWebKit/537.36 (KHTML, like Gecko) Chrome/90.0.4430.85 Safari/537.36"" 134 0.002 [monitoring-monitoring-prometheus-grafana-80] [] 192.168.226.102:3000 87 0.004 200 2cc6a70ed71438baa5783b8f9b4688"
192.168.226.64,26/Apr/2021:21:20:45,GET,/api/datasources/proxy/1/api/v1/query_range?query=probe_duration_seconds%7Btarget%3D~%22()%22%7D%20and%20probe_success%7Btarget%3D~%22()%22%7D%20%3D%3D%201&start=1619471730&end=1619472030&step=30,HTTP/2.0,200,290,https://grafana.itoutposts.com/d/xtkCtBkiz/blackbox-exporter-overview?editview=templating&orgId=1&refresh=5s,"Mozilla/5.0 (Macintosh; Intel Mac OS X 10_15_7) AppleWebKit/537.36 (KHTML, like Gecko) Chrome/90.0.4430.85 Safari/537.36"" 167 0.003 [monitoring-monitoring-prometheus-grafana-80] [] 192.168.226.102:3000 290 0.004 200 a88a5c34873d8cc005c7efb06b76b7"
192.168.226.64,26/Apr/2021:21:20:47,GET,/api/datasources/proxy/1/api/v1/query_range?query=probe_success%7Btarget%3D~%22()%22%7D&start=1619471730&end=1619472030&step=30,HTTP/2.0,200,201,https://grafana.itoutposts.com/d/xtkCtBkiz/blackbox-exporter-overview?editview=templating&orgId=1&refresh=5s,"Mozilla/5.0 (Macintosh; Intel Mac OS X 10_15_7) AppleWebKit/537.36 (KHTML, like Gecko) Chrome/90.0.4430.85 Safari/537.36"" 116 0.003 [monitoring-monitoring-prometheus-grafana-80] [] 192.168.226.102:3000 201 0.004 200 46a3872548d568bfe341fce7cd644d"
192.168.226.64,26/Apr/2021:21:20:47,GET,/api/datasources/proxy/1/api/v1/query_range?query=probe_http_ssl%7Btarget%3D~%22()%22%7D&start=1619471730&end=1619472030&step=30,HTTP/2.0,200,204,https://grafana.itoutposts.com/d/xtkCtBkiz/blackbox-exporter-overview?editview=templating&orgId=1&refresh=5s,"Mozilla/5.0 (Macintosh; Intel Mac OS X 10_15_7) AppleWebKit/537.36 (KHTML, like Gecko) Chrome/90.0.4430.85 Safari/537.36"" 117 0.003 [monitoring-monitoring-prometheus-grafana-80] [] 192.168.226.102:3000 204 0.004 200 18e8793a19952788b3ed127653c34a"
192.168.226.64,26/Apr/2021:21:20:47,GET,/api/annotations?from=1619471747209&to=1619472047209&dashboardId=25,HTTP/2.0,200,2,https://grafana.itoutposts.com/d/xtkCtBkiz/blackbox-exporter-overview?editview=templating&orgId=1&refresh=5s,"Mozilla/5.0 (Macintosh; Intel Mac OS X 10_15_7) AppleWebKit/537.36 (KHTML, like Gecko) Chrome/90.0.4430.85 Safari/537.36"" 69 0.005 [monitoring-monitoring-prometheus-grafana-80] [] 192.168.226.102:3000 2 0.004 200 8ab64117f8640e6d719e1a30a1960b"
192.168.226.64,26/Apr/2021:21:20:47,GET,/api/datasources/proxy/1/api/v1/query_range?query=probe_http_status_code%7Btarget%3D~%22()%22%7D&start=1619471730&end=1619472030&step=30,HTTP/2.0,200,210,https://grafana.itoutposts.com/d/xtkCtBkiz/blackbox-exporter-overview?editview=templating&orgId=1&refresh=5s,"Mozilla/5.0 (Macintosh; Intel Mac OS X 10_15_7) AppleWebKit/537.36 (KHTML, like Gecko) Chrome/90.0.4430.85 Safari/537.36"" 123 0.003 [monitoring-monitoring-prometheus-grafana-80] [] 192.168.226.102:3000 210 0.004 200 88c4950bd53f2dcf08baf0aaab2d9a"
192.168.226.64,26/Apr/2021:21:20:47,GET,/api/datasources/proxy/1/api/v1/query_range?query=probe_ssl_earliest_cert_expiry%7Btarget%3D~%22()%22%7D-time()&start=1619471730&end=1619472030&step=30,HTTP/2.0,200,212,https://grafana.itoutposts.com/d/xtkCtBkiz/blackbox-exporter-overview?editview=templating&orgId=1&refresh=5s,"Mozilla/5.0 (Macintosh; Intel Mac OS X 10_15_7) AppleWebKit/537.36 (KHTML, like Gecko) Chrome/90.0.4430.85 Safari/537.36"" 134 0.004 [monitoring-monitoring-prometheus-grafana-80] [] 192.168.226.102:3000 212 0.008 200 3fa414b73c838e1fd17d2420e79d7b"
192.168.226.64,26/Apr/2021:21:20:47,GET,/api/datasources/proxy/1/api/v1/query_range?query=avg(probe_duration_seconds%7Btarget%3D~%22()%22%7D)&start=1619471730&end=1619472030&step=30,HTTP/2.0,200,226,https://grafana.itoutposts.com/d/xtkCtBkiz/blackbox-exporter-overview?editview=templating&orgId=1&refresh=5s,"Mozilla/5.0 (Macintosh; Intel Mac OS X 10_15_7) AppleWebKit/537.36 (KHTML, like Gecko) Chrome/90.0.4430.85 Safari/537.36"" 128 0.003 [monitoring-monitoring-prometheus-grafana-80] [] 192.168.226.102:3000 226 0.004 200 a1921b0040c63b37cdf876fb4681ce"
192.168.226.64,26/Apr/2021:21:20:47,GET,/api/datasources/proxy/1/api/v1/query_range?query=probe_duration_seconds%20and%20probe_success%20%3D%3D%201&start=1619471730&end=1619472030&step=30,HTTP/2.0,200,290,https://grafana.itoutposts.com/d/xtkCtBkiz/blackbox-exporter-overview?editview=templating&orgId=1&refresh=5s,"Mozilla/5.0 (Macintosh; Intel Mac OS X 10_15_7) AppleWebKit/537.36 (KHTML, like Gecko) Chrome/90.0.4430.85 Safari/537.36"" 128 0.003 [monitoring-monitoring-prometheus-grafana-80] [] 192.168.226.102:3000 290 0.004 200 52131d1de3e539fa3648e0ac2f3788"
192.168.226.64,26/Apr/2021:21:20:47,GET,/api/datasources/proxy/1/api/v1/query_range?query=avg(probe_dns_lookup_time_seconds%7Btarget%3D~%22()%22%7D)&start=1619471730&end=1619472030&step=30,HTTP/2.0,200,206,https://grafana.itoutposts.com/d/xtkCtBkiz/blackbox-exporter-overview?editview=templating&orgId=1&refresh=5s,"Mozilla/5.0 (Macintosh; Intel Mac OS X 10_15_7) AppleWebKit/537.36 (KHTML, like Gecko) Chrome/90.0.4430.85 Safari/537.36"" 133 0.003 [monitoring-monitoring-prometheus-grafana-80] [] 192.168.226.102:3000 206 0.004 200 fc8f535109f4eb830de5815d059d8c"
192.168.226.64,26/Apr/2021:21:20:47,GET,/api/datasources/proxy/1/api/v1/query_range?query=sum_over_time(probe_success%7Btarget%3D~%22()%22%7D%5B5s%5D)&start=1619471730&end=1619472030&step=30,HTTP/2.0,200,87,https://grafana.itoutposts.com/d/xtkCtBkiz/blackbox-exporter-overview?editview=templating&orgId=1&refresh=5s,"Mozilla/5.0 (Macintosh; Intel Mac OS X 10_15_7) AppleWebKit/537.36 (KHTML, like Gecko) Chrome/90.0.4430.85 Safari/537.36"" 134 0.004 [monitoring-monitoring-prometheus-grafana-80] [] 192.168.226.102:3000 87 0.004 200 c78955ae0a7772e059474185f02e7f"
192.168.226.64,26/Apr/2021:21:20:47,GET,/api/datasources/proxy/1/api/v1/query_range?query=sum_over_time(probe_success%5B5s%5D)&start=1619471730&end=1619472030&step=30,HTTP/2.0,200,87,https://grafana.itoutposts.com/d/xtkCtBkiz/blackbox-exporter-overview?editview=templating&orgId=1&refresh=5s,"Mozilla/5.0 (Macintosh; Intel Mac OS X 10_15_7) AppleWebKit/537.36 (KHTML, like Gecko) Chrome/90.0.4430.85 Safari/537.36"" 115 0.004 [monitoring-monitoring-prometheus-grafana-80] [] 192.168.226.102:3000 87 0.004 200 cb025d161177696f6edd3793ed9d81"
192.168.226.64,26/Apr/2021:21:20:47,GET,/api/datasources/proxy/1/api/v1/query_range?query=probe_duration_seconds%7Btarget%3D~%22()%22%7D%20and%20probe_success%7Btarget%3D~%22()%22%7D%20%3D%3D%201&start=1619471730&end=1619472030&step=30,HTTP/2.0,200,290,https://grafana.itoutposts.com/d/xtkCtBkiz/blackbox-exporter-overview?editview=templating&orgId=1&refresh=5s,"Mozilla/5.0 (Macintosh; Intel Mac OS X 10_15_7) AppleWebKit/537.36 (KHTML, like Gecko) Chrome/90.0.4430.85 Safari/537.36"" 167 0.004 [monitoring-monitoring-prometheus-grafana-80] [] 192.168.226.102:3000 290 0.004 200 bf949870c55e14ff60585089d08e8f"
192.168.226.64,26/Apr/2021:21:20:52,GET,/api/annotations?from=1619471752211&to=1619472052211&dashboardId=25,HTTP/2.0,200,2,https://grafana.itoutposts.com/d/xtkCtBkiz/blackbox-exporter-overview?editview=templating&orgId=1&refresh=5s,"Mozilla/5.0 (Macintosh; Intel Mac OS X 10_15_7) AppleWebKit/537.36 (KHTML, like Gecko) Chrome/90.0.4430.85 Safari/537.36"" 69 0.003 [monitoring-monitoring-prometheus-grafana-80] [] 192.168.226.102:3000 2 0.004 200 1dd2fefd4c3ca656211c670292efd9"
192.168.226.64,26/Apr/2021:21:20:52,GET,/api/datasources/proxy/1/api/v1/query_range?query=probe_success%7Btarget%3D~%22()%22%7D&start=1619471730&end=1619472030&step=30,HTTP/2.0,200,201,https://grafana.itoutposts.com/d/xtkCtBkiz/blackbox-exporter-overview?editview=templating&orgId=1&refresh=5s,"Mozilla/5.0 (Macintosh; Intel Mac OS X 10_15_7) AppleWebKit/537.36 (KHTML, like Gecko) Chrome/90.0.4430.85 Safari/537.36"" 116 0.005 [monitoring-monitoring-prometheus-grafana-80] [] 192.168.226.102:3000 201 0.004 200 42433e3a690f612bc5f9089963b1e3"
192.168.226.64,26/Apr/2021:21:20:52,GET,/api/datasources/proxy/1/api/v1/query_range?query=probe_http_ssl%7Btarget%3D~%22()%22%7D&start=1619471730&end=1619472030&step=30,HTTP/2.0,200,204,https://grafana.itoutposts.com/d/xtkCtBkiz/blackbox-exporter-overview?editview=templating&orgId=1&refresh=5s,"Mozilla/5.0 (Macintosh; Intel Mac OS X 10_15_7) AppleWebKit/537.36 (KHTML, like Gecko) Chrome/90.0.4430.85 Safari/537.36"" 117 0.007 [monitoring-monitoring-prometheus-grafana-80] [] 192.168.226.102:3000 204 0.008 200 ee750efddfd03d0f547cdf7ab17298"
192.168.226.64,26/Apr/2021:21:20:52,GET,/api/datasources/proxy/1/api/v1/query_range?query=probe_http_status_code%7Btarget%3D~%22()%22%7D&start=1619471730&end=1619472030&step=30,HTTP/2.0,200,210,https://grafana.itoutposts.com/d/xtkCtBkiz/blackbox-exporter-overview?editview=templating&orgId=1&refresh=5s,"Mozilla/5.0 (Macintosh; Intel Mac OS X 10_15_7) AppleWebKit/537.36 (KHTML, like Gecko) Chrome/90.0.4430.85 Safari/537.36"" 123 0.008 [monitoring-monitoring-prometheus-grafana-80] [] 192.168.226.102:3000 210 0.008 200 f404e93ba6461513934930da3de651"
192.168.226.64,26/Apr/2021:21:20:52,GET,/api/datasources/proxy/1/api/v1/query_range?query=probe_ssl_earliest_cert_expiry%7Btarget%3D~%22()%22%7D-time()&start=1619471730&end=1619472030&step=30,HTTP/2.0,200,212,https://grafana.itoutposts.com/d/xtkCtBkiz/blackbox-exporter-overview?editview=templating&orgId=1&refresh=5s,"Mozilla/5.0 (Macintosh; Intel Mac OS X 10_15_7) AppleWebKit/537.36 (KHTML, like Gecko) Chrome/90.0.4430.85 Safari/537.36"" 134 0.008 [monitoring-monitoring-prometheus-grafana-80] [] 192.168.226.102:3000 212 0.008 200 2005b9cef90826583d17e02ac57add"
192.168.226.64,26/Apr/2021:21:20:52,GET,/api/datasources/proxy/1/api/v1/query_range?query=avg(probe_duration_seconds%7Btarget%3D~%22()%22%7D)&start=1619471730&end=1619472030&step=30,HTTP/2.0,200,226,https://grafana.itoutposts.com/d/xtkCtBkiz/blackbox-exporter-overview?editview=templating&orgId=1&refresh=5s,"Mozilla/5.0 (Macintosh; Intel Mac OS X 10_15_7) AppleWebKit/537.36 (KHTML, like Gecko) Chrome/90.0.4430.85 Safari/537.36"" 128 0.004 [monitoring-monitoring-prometheus-grafana-80] [] 192.168.226.102:3000 226 0.004 200 98176824861eddfedb339a24b5c0b3"
192.168.226.64,26/Apr/2021:21:20:52,GET,/api/datasources/proxy/1/api/v1/query_range?query=avg(probe_dns_lookup_time_seconds%7Btarget%3D~%22()%22%7D)&start=1619471730&end=1619472030&step=30,HTTP/2.0,200,206,https://grafana.itoutposts.com/d/xtkCtBkiz/blackbox-exporter-overview?editview=templating&orgId=1&refresh=5s,"Mozilla/5.0 (Macintosh; Intel Mac OS X 10_15_7) AppleWebKit/537.36 (KHTML, like Gecko) Chrome/90.0.4430.85 Safari/537.36"" 133 0.004 [monitoring-monitoring-prometheus-grafana-80] [] 192.168.226.102:3000 206 0.004 200 5fcd7da71a550c2a56ca341e34faec"
192.168.226.64,26/Apr/2021:21:20:52,GET,/api/datasources/proxy/1/api/v1/query_range?query=probe_duration_seconds%20and%20probe_success%20%3D%3D%201&start=1619471730&end=1619472030&step=30,HTTP/2.0,200,290,https://grafana.itoutposts.com/d/xtkCtBkiz/blackbox-exporter-overview?editview=templating&orgId=1&refresh=5s,"Mozilla/5.0 (Macintosh; Intel Mac OS X 10_15_7) AppleWebKit/537.36 (KHTML, like Gecko) Chrome/90.0.4430.85 Safari/537.36"" 128 0.003 [monitoring-monitoring-prometheus-grafana-80] [] 192.168.226.102:3000 290 0.004 200 ec2630b6d0fdd48e166142b2695a73"
192.168.226.64,26/Apr/2021:21:20:52,GET,/api/datasources/proxy/1/api/v1/query_range?query=sum_over_time(probe_success%7Btarget%3D~%22()%22%7D%5B5s%5D)&start=1619471730&end=1619472030&step=30,HTTP/2.0,200,87,https://grafana.itoutposts.com/d/xtkCtBkiz/blackbox-exporter-overview?editview=templating&orgId=1&refresh=5s,"Mozilla/5.0 (Macintosh; Intel Mac OS X 10_15_7) AppleWebKit/537.36 (KHTML, like Gecko) Chrome/90.0.4430.85 Safari/537.36"" 134 0.005 [monitoring-monitoring-prometheus-grafana-80] [] 192.168.226.102:3000 87 0.008 200 d05dc93485d7c959c780382f4c3b4b"
192.168.226.64,26/Apr/2021:21:20:52,GET,/api/datasources/proxy/1/api/v1/query_range?query=sum_over_time(probe_success%5B5s%5D)&start=1619471730&end=1619472030&step=30,HTTP/2.0,200,87,https://grafana.itoutposts.com/d/xtkCtBkiz/blackbox-exporter-overview?editview=templating&orgId=1&refresh=5s,"Mozilla/5.0 (Macintosh; Intel Mac OS X 10_15_7) AppleWebKit/537.36 (KHTML, like Gecko) Chrome/90.0.4430.85 Safari/537.36"" 115 0.005 [monitoring-monitoring-prometheus-grafana-80] [] 192.168.226.102:3000 87 0.008 200 27650c30266ba1d7b57d5f99d33a94"
